PX204_L1_cad_f0_zP_rotijk0_0_0_sft0_0_0.png,0.125121
PX204_L1_sad_f0_zP_rotijk0_0_0_sft0_0_0.png,0.00394899
PX204_L1_tad_f0_zP_rotijk0_0_0_sft0_0_0.png,0.978348
PX204_L2_cad_f0_zP_rotijk0_0_0_sft0_0_0.png,6.84576e-11
PX204_L2_sad_f0_zP_rotijk0_0_0_sft0_0_0.png,0.000756659
PX204_L2_tad_f0_zP_rotijk0_0_0_sft0_0_0.png,7.49156e-08
PX205_L1_cad_f0_zP_rotijk0_0_0_sft0_0_0.png,0.795935
PX205_L1_sad_f0_zP_rotijk0_0_0_sft0_0_0.png,1.03917e-06
PX205_L1_tad_f0_zP_rotijk0_0_0_sft0_0_0.png,0.00560208
PX206_L1_cad_f0_zP_rotijk0_0_0_sft0_0_0.png,0.997651
PX206_L1_sad_f0_zP_rotijk0_0_0_sft0_0_0.png,0.00597088
PX206_L1_tad_f0_zP_rotijk0_0_0_sft0_0_0.png,0.999614
PX207_L1_cad_f0_zP_rotijk0_0_0_sft0_0_0.png,5.12338e-14
PX207_L1_sad_f0_zP_rotijk0_0_0_sft0_0_0.png,1.42014e-06
PX207_L1_tad_f0_zP_rotijk0_0_0_sft0_0_0.png,0.033363
PX207_L2_cad_f0_zP_rotijk0_0_0_sft0_0_0.png,9.60111e-09
PX207_L2_sad_f0_zP_rotijk0_0_0_sft0_0_0.png,0.000674918
PX207_L2_tad_f0_zP_rotijk0_0_0_sft0_0_0.png,0.434772
PX208_L1_cad_f0_zP_rotijk0_0_0_sft0_0_0.png,1.14237e-06
PX208_L1_sad_f0_zP_rotijk0_0_0_sft0_0_0.png,6.58443e-07
PX208_L1_tad_f0_zP_rotijk0_0_0_sft0_0_0.png,0.00172169
PX208_L2_cad_f0_zP_rotijk0_0_0_sft0_0_0.png,0.0208057
PX208_L2_sad_f0_zP_rotijk0_0_0_sft0_0_0.png,0.0230805
PX208_L2_tad_f0_zP_rotijk0_0_0_sft0_0_0.png,0.321146
PX210_L1_cad_f0_zP_rotijk0_0_0_sft0_0_0.png,0.468583
PX210_L1_sad_f0_zP_rotijk0_0_0_sft0_0_0.png,0.000255387
PX210_L1_tad_f0_zP_rotijk0_0_0_sft0_0_0.png,0.123986
PX210_L2_cad_f0_zP_rotijk0_0_0_sft0_0_0.png,7.32705e-09
PX210_L2_sad_f0_zP_rotijk0_0_0_sft0_0_0.png,0.339133
PX210_L2_tad_f0_zP_rotijk0_0_0_sft0_0_0.png,0.0859842
PX211_L1_cad_f0_zP_rotijk0_0_0_sft0_0_0.png,0.00436712
PX211_L1_sad_f0_zP_rotijk0_0_0_sft0_0_0.png,0.00293855
PX211_L1_tad_f0_zP_rotijk0_0_0_sft0_0_0.png,0.763074
PX212_L1_cad_f0_zP_rotijk0_0_0_sft0_0_0.png,1.25022e-11
PX212_L1_sad_f0_zP_rotijk0_0_0_sft0_0_0.png,0.000831086
PX212_L1_tad_f0_zP_rotijk0_0_0_sft0_0_0.png,2.58532e-07
PX212_L2_cad_f0_zP_rotijk0_0_0_sft0_0_0.png,0.203415
PX212_L2_sad_f0_zP_rotijk0_0_0_sft0_0_0.png,8.86938e-10
PX212_L2_tad_f0_zP_rotijk0_0_0_sft0_0_0.png,5.40121e-07
PX213_L1_cad_f0_zP_rotijk0_0_0_sft0_0_0.png,1.0
PX213_L1_sad_f0_zP_rotijk0_0_0_sft0_0_0.png,0.102218
PX213_L1_tad_f0_zP_rotijk0_0_0_sft0_0_0.png,1.0
PX215_L1_cad_f0_zP_rotijk0_0_0_sft0_0_0.png,0.990794
PX215_L1_sad_f0_zP_rotijk0_0_0_sft0_0_0.png,0.351336
PX215_L1_tad_f0_zP_rotijk0_0_0_sft0_0_0.png,0.00714051
PX217_L1_cad_f0_zP_rotijk0_0_0_sft0_0_0.png,0.999986
PX217_L1_sad_f0_zP_rotijk0_0_0_sft0_0_0.png,0.0469502
PX217_L1_tad_f0_zP_rotijk0_0_0_sft0_0_0.png,0.999998
PX219_L1_cad_f0_zP_rotijk0_0_0_sft0_0_0.png,7.61581e-07
PX219_L1_sad_f0_zP_rotijk0_0_0_sft0_0_0.png,1.63466e-07
PX219_L1_tad_f0_zP_rotijk0_0_0_sft0_0_0.png,2.05291e-10
PX221_L1_cad_f0_zP_rotijk0_0_0_sft0_0_0.png,1.72126e-12
PX221_L1_sad_f0_zP_rotijk0_0_0_sft0_0_0.png,1.20096e-05
PX221_L1_tad_f0_zP_rotijk0_0_0_sft0_0_0.png,0.00144542
PX222_L1_cad_f0_zP_rotijk0_0_0_sft0_0_0.png,0.999995
PX222_L1_sad_f0_zP_rotijk0_0_0_sft0_0_0.png,7.18856e-09
PX222_L1_tad_f0_zP_rotijk0_0_0_sft0_0_0.png,4.19265e-11
PX223_L1_cad_f0_zP_rotijk0_0_0_sft0_0_0.png,1.0
PX223_L1_sad_f0_zP_rotijk0_0_0_sft0_0_0.png,0.81425
PX223_L1_tad_f0_zP_rotijk0_0_0_sft0_0_0.png,0.999875
PX223_L2_cad_f0_zP_rotijk0_0_0_sft0_0_0.png,7.89658e-05
PX223_L2_sad_f0_zP_rotijk0_0_0_sft0_0_0.png,0.00058816
PX223_L2_tad_f0_zP_rotijk0_0_0_sft0_0_0.png,0.90231
PX224_L1_cad_f0_zP_rotijk0_0_0_sft0_0_0.png,0.000700023
PX224_L1_sad_f0_zP_rotijk0_0_0_sft0_0_0.png,4.23898e-06
PX224_L1_tad_f0_zP_rotijk0_0_0_sft0_0_0.png,5.91549e-06
PX225_L1_cad_f0_zP_rotijk0_0_0_sft0_0_0.png,0.00856867
PX225_L1_sad_f0_zP_rotijk0_0_0_sft0_0_0.png,0.0797554
PX225_L1_tad_f0_zP_rotijk0_0_0_sft0_0_0.png,0.0111202
PX226_L1_cad_f0_zP_rotijk0_0_0_sft0_0_0.png,7.48093e-07
PX226_L1_sad_f0_zP_rotijk0_0_0_sft0_0_0.png,0.335658
PX226_L1_tad_f0_zP_rotijk0_0_0_sft0_0_0.png,0.000199533
PX227_L1_cad_f0_zP_rotijk0_0_0_sft0_0_0.png,3.79962e-05
PX227_L1_sad_f0_zP_rotijk0_0_0_sft0_0_0.png,0.00886736
PX227_L1_tad_f0_zP_rotijk0_0_0_sft0_0_0.png,0.750762
PX230_L1_cad_f0_zP_rotijk0_0_0_sft0_0_0.png,3.0585e-08
PX230_L1_sad_f0_zP_rotijk0_0_0_sft0_0_0.png,5.25217e-11
PX230_L1_tad_f0_zP_rotijk0_0_0_sft0_0_0.png,2.46926e-19
PX230_L2_cad_f0_zP_rotijk0_0_0_sft0_0_0.png,0.947908
PX230_L2_sad_f0_zP_rotijk0_0_0_sft0_0_0.png,1.35924e-08
PX230_L2_tad_f0_zP_rotijk0_0_0_sft0_0_0.png,6.62631e-09
PX231_L1_cad_f0_zP_rotijk0_0_0_sft0_0_0.png,0.00466918
PX231_L1_sad_f0_zP_rotijk0_0_0_sft0_0_0.png,1.67517e-09
PX231_L1_tad_f0_zP_rotijk0_0_0_sft0_0_0.png,8.57924e-09
PX231_L2_cad_f0_zP_rotijk0_0_0_sft0_0_0.png,0.00250432
PX231_L2_sad_f0_zP_rotijk0_0_0_sft0_0_0.png,0.00050398
PX231_L2_tad_f0_zP_rotijk0_0_0_sft0_0_0.png,0.0845314
PX233_L1_cad_f0_zP_rotijk0_0_0_sft0_0_0.png,6.52531e-07
PX233_L1_sad_f0_zP_rotijk0_0_0_sft0_0_0.png,8.56963e-14
PX233_L1_tad_f0_zP_rotijk0_0_0_sft0_0_0.png,0.00345891
PX235_L1_cad_f0_zP_rotijk0_0_0_sft0_0_0.png,7.07579e-10
PX235_L1_sad_f0_zP_rotijk0_0_0_sft0_0_0.png,0.00381158
PX235_L1_tad_f0_zP_rotijk0_0_0_sft0_0_0.png,3.9182e-06
PX242_L2_cad_f0_zP_rotijk0_0_0_sft0_0_0.png,0.990479
PX242_L2_sad_f0_zP_rotijk0_0_0_sft0_0_0.png,0.0821238
PX242_L2_tad_f0_zP_rotijk0_0_0_sft0_0_0.png,3.34478e-06
PX244_L1_cad_f0_zP_rotijk0_0_0_sft0_0_0.png,9.77129e-07
PX244_L1_sad_f0_zP_rotijk0_0_0_sft0_0_0.png,4.1755e-14
PX244_L1_tad_f0_zP_rotijk0_0_0_sft0_0_0.png,1.92189e-19
PX246_L1_cad_f0_zP_rotijk0_0_0_sft0_0_0.png,7.24399e-12
PX246_L1_sad_f0_zP_rotijk0_0_0_sft0_0_0.png,6.68396e-08
PX246_L1_tad_f0_zP_rotijk0_0_0_sft0_0_0.png,7.90459e-06
PX247_L1_cad_f0_zP_rotijk0_0_0_sft0_0_0.png,0.313112
PX247_L1_sad_f0_zP_rotijk0_0_0_sft0_0_0.png,0.000358551
PX247_L1_tad_f0_zP_rotijk0_0_0_sft0_0_0.png,0.0515127
PX248_L1_cad_f0_zP_rotijk0_0_0_sft0_0_0.png,0.000190309
PX248_L1_sad_f0_zP_rotijk0_0_0_sft0_0_0.png,0.00161087
PX248_L1_tad_f0_zP_rotijk0_0_0_sft0_0_0.png,3.06041e-15
PX249_L1_cad_f0_zP_rotijk0_0_0_sft0_0_0.png,0.99743
PX249_L1_sad_f0_zP_rotijk0_0_0_sft0_0_0.png,0.887118
PX249_L1_tad_f0_zP_rotijk0_0_0_sft0_0_0.png,0.995817
PX250_L2_cad_f0_zP_rotijk0_0_0_sft0_0_0.png,0.679117
PX250_L2_sad_f0_zP_rotijk0_0_0_sft0_0_0.png,0.590116
PX250_L2_tad_f0_zP_rotijk0_0_0_sft0_0_0.png,0.0341116
PX251_L1_cad_f0_zP_rotijk0_0_0_sft0_0_0.png,3.63233e-10
PX251_L1_sad_f0_zP_rotijk0_0_0_sft0_0_0.png,1.54344e-05
PX251_L1_tad_f0_zP_rotijk0_0_0_sft0_0_0.png,5.33199e-05
PX251_L2_cad_f0_zP_rotijk0_0_0_sft0_0_0.png,5.6804e-05
PX251_L2_sad_f0_zP_rotijk0_0_0_sft0_0_0.png,2.5303e-07
PX251_L2_tad_f0_zP_rotijk0_0_0_sft0_0_0.png,1.15979e-09
PX252_L2_cad_f0_zP_rotijk0_0_0_sft0_0_0.png,2.50487e-05
PX252_L2_sad_f0_zP_rotijk0_0_0_sft0_0_0.png,0.00230337
PX252_L2_tad_f0_zP_rotijk0_0_0_sft0_0_0.png,0.0389494
PX252_L4_cad_f0_zP_rotijk0_0_0_sft0_0_0.png,0.0767821
PX252_L4_sad_f0_zP_rotijk0_0_0_sft0_0_0.png,0.685278
PX252_L4_tad_f0_zP_rotijk0_0_0_sft0_0_0.png,8.01748e-05
PX253_L2_cad_f0_zP_rotijk0_0_0_sft0_0_0.png,1.25704e-10
PX253_L2_sad_f0_zP_rotijk0_0_0_sft0_0_0.png,0.231732
PX253_L2_tad_f0_zP_rotijk0_0_0_sft0_0_0.png,0.0526281
PX254_L1_cad_f0_zP_rotijk0_0_0_sft0_0_0.png,0.000238737
PX254_L1_sad_f0_zP_rotijk0_0_0_sft0_0_0.png,0.927144
PX254_L1_tad_f0_zP_rotijk0_0_0_sft0_0_0.png,0.995926
PX254_L2_cad_f0_zP_rotijk0_0_0_sft0_0_0.png,0.00123052
PX254_L2_sad_f0_zP_rotijk0_0_0_sft0_0_0.png,0.10137
PX254_L2_tad_f0_zP_rotijk0_0_0_sft0_0_0.png,1.27859e-05
PX255_L2_sad_f0_zP_rotijk0_0_0_sft0_0_0.png,3.08722e-05
PX255_L2_tad_f0_zP_rotijk0_0_0_sft0_0_0.png,0.999999
PX256_L1_cad_f0_zP_rotijk0_0_0_sft0_0_0.png,0.000521415
PX256_L1_sad_f0_zP_rotijk0_0_0_sft0_0_0.png,0.000276136
PX256_L1_tad_f0_zP_rotijk0_0_0_sft0_0_0.png,0.00236393
PX256_L2_cad_f0_zP_rotijk0_0_0_sft0_0_0.png,4.05274e-12
PX256_L2_sad_f0_zP_rotijk0_0_0_sft0_0_0.png,0.00345787
PX256_L2_tad_f0_zP_rotijk0_0_0_sft0_0_0.png,0.00189015
PX257_L1_cad_f0_zP_rotijk0_0_0_sft0_0_0.png,0.0523955
PX257_L1_sad_f0_zP_rotijk0_0_0_sft0_0_0.png,0.974054
PX257_L1_tad_f0_zP_rotijk0_0_0_sft0_0_0.png,0.793633
PX259_L2_cad_f0_zP_rotijk0_0_0_sft0_0_0.png,1.74009e-05
PX259_L2_sad_f0_zP_rotijk0_0_0_sft0_0_0.png,5.27596e-07
PX259_L2_tad_f0_zP_rotijk0_0_0_sft0_0_0.png,5.30212e-26
PX260_L1_cad_f0_zP_rotijk0_0_0_sft0_0_0.png,0.000519693
PX260_L1_sad_f0_zP_rotijk0_0_0_sft0_0_0.png,0.930422
PX260_L1_tad_f0_zP_rotijk0_0_0_sft0_0_0.png,0.796901
PX262_L1_cad_f0_zP_rotijk0_0_0_sft0_0_0.png,0.999994
PX262_L1_sad_f0_zP_rotijk0_0_0_sft0_0_0.png,0.945851
PX262_L1_tad_f0_zP_rotijk0_0_0_sft0_0_0.png,0.99896
PX263_L2_cad_f0_zP_rotijk0_0_0_sft0_0_0.png,1.27982e-06
PX263_L2_sad_f0_zP_rotijk0_0_0_sft0_0_0.png,0.000207427
PX263_L2_tad_f0_zP_rotijk0_0_0_sft0_0_0.png,1.39947e-07
PX264_L2_cad_f0_zP_rotijk0_0_0_sft0_0_0.png,0.63399
PX264_L2_sad_f0_zP_rotijk0_0_0_sft0_0_0.png,5.68993e-08
PX264_L2_tad_f0_zP_rotijk0_0_0_sft0_0_0.png,4.68946e-05
PX264_L3_cad_f0_zP_rotijk0_0_0_sft0_0_0.png,0.987189
PX264_L3_sad_f0_zP_rotijk0_0_0_sft0_0_0.png,3.93101e-14
PX264_L3_tad_f0_zP_rotijk0_0_0_sft0_0_0.png,3.17411e-17
PX265_L1_cad_f0_zP_rotijk0_0_0_sft0_0_0.png,0.000341922
PX265_L1_sad_f0_zP_rotijk0_0_0_sft0_0_0.png,2.63763e-07
PX265_L1_tad_f0_zP_rotijk0_0_0_sft0_0_0.png,2.90218e-06
PX268_L1_cad_f0_zP_rotijk0_0_0_sft0_0_0.png,1.61871e-05
PX268_L1_sad_f0_zP_rotijk0_0_0_sft0_0_0.png,0.509104
PX268_L1_tad_f0_zP_rotijk0_0_0_sft0_0_0.png,5.08991e-05
PX268_L2_cad_f0_zP_rotijk0_0_0_sft0_0_0.png,1.55123e-06
PX268_L2_sad_f0_zP_rotijk0_0_0_sft0_0_0.png,0.955007
PX268_L2_tad_f0_zP_rotijk0_0_0_sft0_0_0.png,0.974419
PX270_L1_cad_f0_zP_rotijk0_0_0_sft0_0_0.png,1.0
PX270_L1_sad_f0_zP_rotijk0_0_0_sft0_0_0.png,1.0
PX270_L1_tad_f0_zP_rotijk0_0_0_sft0_0_0.png,1.0
PX272_L1_cad_f0_zP_rotijk0_0_0_sft0_0_0.png,0.106842
PX272_L1_sad_f0_zP_rotijk0_0_0_sft0_0_0.png,2.23191e-09
PX272_L1_tad_f0_zP_rotijk0_0_0_sft0_0_0.png,8.58225e-06
PX273_L1_cad_f0_zP_rotijk0_0_0_sft0_0_0.png,6.21445e-15
PX273_L1_sad_f0_zP_rotijk0_0_0_sft0_0_0.png,0.00872866
PX273_L1_tad_f0_zP_rotijk0_0_0_sft0_0_0.png,0.441846
PX274_L1_cad_f0_zP_rotijk0_0_0_sft0_0_0.png,0.00267605
PX274_L1_sad_f0_zP_rotijk0_0_0_sft0_0_0.png,0.999999
PX274_L1_tad_f0_zP_rotijk0_0_0_sft0_0_0.png,0.162578
PX275_L1_cad_f0_zP_rotijk0_0_0_sft0_0_0.png,0.0629454
PX275_L1_sad_f0_zP_rotijk0_0_0_sft0_0_0.png,1.40466e-10
PX275_L1_tad_f0_zP_rotijk0_0_0_sft0_0_0.png,0.999531
PX276_L1_cad_f0_zP_rotijk0_0_0_sft0_0_0.png,0.000124049
PX276_L1_sad_f0_zP_rotijk0_0_0_sft0_0_0.png,4.3191e-06
PX276_L1_tad_f0_zP_rotijk0_0_0_sft0_0_0.png,8.14668e-05
PX277_L1_cad_f0_zP_rotijk0_0_0_sft0_0_0.png,0.00316265
PX277_L1_sad_f0_zP_rotijk0_0_0_sft0_0_0.png,2.48248e-08
PX277_L1_tad_f0_zP_rotijk0_0_0_sft0_0_0.png,0.144186
PX281_L1_cad_f0_zP_rotijk0_0_0_sft0_0_0.png,0.001462
PX281_L1_sad_f0_zP_rotijk0_0_0_sft0_0_0.png,1.16032e-06
PX281_L1_tad_f0_zP_rotijk0_0_0_sft0_0_0.png,1.56913e-09
PX282_L1_cad_f0_zP_rotijk0_0_0_sft0_0_0.png,0.999989
PX282_L1_sad_f0_zP_rotijk0_0_0_sft0_0_0.png,0.00144503
PX282_L1_tad_f0_zP_rotijk0_0_0_sft0_0_0.png,0.98748
PX282_L2_cad_f0_zP_rotijk0_0_0_sft0_0_0.png,0.0945941
PX282_L2_sad_f0_zP_rotijk0_0_0_sft0_0_0.png,0.00235562
PX282_L2_tad_f0_zP_rotijk0_0_0_sft0_0_0.png,0.375747
PX284_L1_cad_f0_zP_rotijk0_0_0_sft0_0_0.png,0.00444891
PX284_L1_sad_f0_zP_rotijk0_0_0_sft0_0_0.png,4.00818e-05
PX284_L1_tad_f0_zP_rotijk0_0_0_sft0_0_0.png,9.79926e-05
PX285_L1_cad_f0_zP_rotijk0_0_0_sft0_0_0.png,1.03726e-20
PX285_L1_sad_f0_zP_rotijk0_0_0_sft0_0_0.png,9.13996e-13
PX285_L1_tad_f0_zP_rotijk0_0_0_sft0_0_0.png,1.22535e-06
PX286_L2_cad_f0_zP_rotijk0_0_0_sft0_0_0.png,0.999999
PX286_L2_sad_f0_zP_rotijk0_0_0_sft0_0_0.png,0.000217791
PX286_L2_tad_f0_zP_rotijk0_0_0_sft0_0_0.png,0.0082231
PX287_L1_cad_f0_zP_rotijk0_0_0_sft0_0_0.png,0.00675985
PX287_L1_sad_f0_zP_rotijk0_0_0_sft0_0_0.png,5.26812e-17
PX287_L1_tad_f0_zP_rotijk0_0_0_sft0_0_0.png,7.83969e-06
PX288_L1_cad_f0_zP_rotijk0_0_0_sft0_0_0.png,0.999999
PX288_L1_sad_f0_zP_rotijk0_0_0_sft0_0_0.png,0.0703294
PX288_L1_tad_f0_zP_rotijk0_0_0_sft0_0_0.png,0.0761808
PX289_L1_cad_f0_zP_rotijk0_0_0_sft0_0_0.png,1.19246e-06
PX289_L1_sad_f0_zP_rotijk0_0_0_sft0_0_0.png,0.330192
PX289_L1_tad_f0_zP_rotijk0_0_0_sft0_0_0.png,0.0468842
PX290_L1_cad_f0_zP_rotijk0_0_0_sft0_0_0.png,6.44366e-11
PX290_L1_sad_f0_zP_rotijk0_0_0_sft0_0_0.png,3.12837e-05
PX290_L1_tad_f0_zP_rotijk0_0_0_sft0_0_0.png,1.21764e-08
PX291_L1_cad_f0_zP_rotijk0_0_0_sft0_0_0.png,0.108599
PX291_L1_sad_f0_zP_rotijk0_0_0_sft0_0_0.png,0.784596
PX291_L1_tad_f0_zP_rotijk0_0_0_sft0_0_0.png,1.55888e-06
PX291_L2_cad_f0_zP_rotijk0_0_0_sft0_0_0.png,0.132093
PX291_L2_sad_f0_zP_rotijk0_0_0_sft0_0_0.png,1.70704e-05
PX291_L2_tad_f0_zP_rotijk0_0_0_sft0_0_0.png,1.0
PX293_L1_cad_f0_zP_rotijk0_0_0_sft0_0_0.png,0.0681456
PX293_L1_sad_f0_zP_rotijk0_0_0_sft0_0_0.png,0.356331
PX293_L1_tad_f0_zP_rotijk0_0_0_sft0_0_0.png,0.425643
PX297_L1_cad_f0_zP_rotijk0_0_0_sft0_0_0.png,1.20349e-06
PX297_L1_sad_f0_zP_rotijk0_0_0_sft0_0_0.png,1.19533e-10
PX297_L1_tad_f0_zP_rotijk0_0_0_sft0_0_0.png,4.08751e-05
PX298_L1_sad_f0_zP_rotijk0_0_0_sft0_0_0.png,0.000145101
PX298_L1_tad_f0_zP_rotijk0_0_0_sft0_0_0.png,0.148071
PX299_L1_sad_f0_zP_rotijk0_0_0_sft0_0_0.png,2.87385e-05
PX299_L1_tad_f0_zP_rotijk0_0_0_sft0_0_0.png,0.519122
PX300_L1_cad_f0_zP_rotijk0_0_0_sft0_0_0.png,2.28369e-10
PX300_L1_sad_f0_zP_rotijk0_0_0_sft0_0_0.png,0.880122
PX300_L1_tad_f0_zP_rotijk0_0_0_sft0_0_0.png,2.15344e-11
PX303_L1_cad_f0_zP_rotijk0_0_0_sft0_0_0.png,0.993442
PX303_L1_sad_f0_zP_rotijk0_0_0_sft0_0_0.png,0.00146749
PX303_L1_tad_f0_zP_rotijk0_0_0_sft0_0_0.png,0.767182
PX304_L2_cad_f0_zP_rotijk0_0_0_sft0_0_0.png,9.18691e-05
PX304_L2_sad_f0_zP_rotijk0_0_0_sft0_0_0.png,0.000505483
PX304_L2_tad_f0_zP_rotijk0_0_0_sft0_0_0.png,0.023509
PX305_L1_cad_f0_zP_rotijk0_0_0_sft0_0_0.png,0.0581985
PX305_L1_sad_f0_zP_rotijk0_0_0_sft0_0_0.png,5.25282e-05
PX305_L1_tad_f0_zP_rotijk0_0_0_sft0_0_0.png,0.000681932
PX309_L1_cad_f0_zP_rotijk0_0_0_sft0_0_0.png,0.0849263
PX309_L1_sad_f0_zP_rotijk0_0_0_sft0_0_0.png,3.13451e-08
PX309_L1_tad_f0_zP_rotijk0_0_0_sft0_0_0.png,0.0039337
PX310_L1_cad_f0_zP_rotijk0_0_0_sft0_0_0.png,3.79094e-06
PX310_L1_sad_f0_zP_rotijk0_0_0_sft0_0_0.png,9.74032e-13
PX310_L1_tad_f0_zP_rotijk0_0_0_sft0_0_0.png,0.00150627
PX311_L2_cad_f0_zP_rotijk0_0_0_sft0_0_0.png,2.49544e-06
PX311_L2_sad_f0_zP_rotijk0_0_0_sft0_0_0.png,3.1105e-13
PX311_L2_tad_f0_zP_rotijk0_0_0_sft0_0_0.png,3.54921e-05
PX315_L1_cad_f0_zP_rotijk0_0_0_sft0_0_0.png,0.35684
PX315_L1_sad_f0_zP_rotijk0_0_0_sft0_0_0.png,0.0145462
PX315_L1_tad_f0_zP_rotijk0_0_0_sft0_0_0.png,0.2277
PX315_L2_cad_f0_zP_rotijk0_0_0_sft0_0_0.png,0.980439
PX315_L2_sad_f0_zP_rotijk0_0_0_sft0_0_0.png,0.0551466
PX315_L2_tad_f0_zP_rotijk0_0_0_sft0_0_0.png,0.999507
PX316_L1_sad_f0_zP_rotijk0_0_0_sft0_0_0.png,0.00313638
PX316_L1_tad_f0_zP_rotijk0_0_0_sft0_0_0.png,1.22811e-07
PX317_L1_cad_f0_zP_rotijk0_0_0_sft0_0_0.png,1.04767e-05
PX317_L1_sad_f0_zP_rotijk0_0_0_sft0_0_0.png,3.04391e-10
PX317_L1_tad_f0_zP_rotijk0_0_0_sft0_0_0.png,4.50592e-05
PX320_L1_cad_f0_zP_rotijk0_0_0_sft0_0_0.png,0.9998
PX320_L1_sad_f0_zP_rotijk0_0_0_sft0_0_0.png,0.00230797
PX320_L1_tad_f0_zP_rotijk0_0_0_sft0_0_0.png,0.155855
PX323_L1_cad_f0_zP_rotijk0_0_0_sft0_0_0.png,0.0499092
PX323_L1_sad_f0_zP_rotijk0_0_0_sft0_0_0.png,0.00164181
PX323_L1_tad_f0_zP_rotijk0_0_0_sft0_0_0.png,0.000137103
PX326_L1_cad_f0_zP_rotijk0_0_0_sft0_0_0.png,1.0
PX326_L1_sad_f0_zP_rotijk0_0_0_sft0_0_0.png,4.40535e-14
PX326_L1_tad_f0_zP_rotijk0_0_0_sft0_0_0.png,0.00119331
PX327_L1_cad_f0_zP_rotijk0_0_0_sft0_0_0.png,2.76683e-05
PX327_L1_sad_f0_zP_rotijk0_0_0_sft0_0_0.png,6.91282e-05
PX327_L1_tad_f0_zP_rotijk0_0_0_sft0_0_0.png,0.999988
PX328_L1_cad_f0_zP_rotijk0_0_0_sft0_0_0.png,0.00152857
PX328_L1_sad_f0_zP_rotijk0_0_0_sft0_0_0.png,3.52004e-07
PX328_L1_tad_f0_zP_rotijk0_0_0_sft0_0_0.png,3.49607e-10
PX330_L1_cad_f0_zP_rotijk0_0_0_sft0_0_0.png,0.000119159
PX330_L1_sad_f0_zP_rotijk0_0_0_sft0_0_0.png,2.579e-05
PX330_L1_tad_f0_zP_rotijk0_0_0_sft0_0_0.png,1.88354e-10
PX330_L2_cad_f0_zP_rotijk0_0_0_sft0_0_0.png,6.81819e-06
PX330_L2_sad_f0_zP_rotijk0_0_0_sft0_0_0.png,8.26688e-05
PX330_L2_tad_f0_zP_rotijk0_0_0_sft0_0_0.png,3.11745e-07
PX332_L1_cad_f0_zP_rotijk0_0_0_sft0_0_0.png,0.00327315
PX332_L1_sad_f0_zP_rotijk0_0_0_sft0_0_0.png,0.999701
PX332_L1_tad_f0_zP_rotijk0_0_0_sft0_0_0.png,0.00325288
PX332_L2_cad_f0_zP_rotijk0_0_0_sft0_0_0.png,0.078512
PX332_L2_sad_f0_zP_rotijk0_0_0_sft0_0_0.png,0.902715
PX332_L2_tad_f0_zP_rotijk0_0_0_sft0_0_0.png,0.994421
PX332_L3_cad_f0_zP_rotijk0_0_0_sft0_0_0.png,0.0682803
PX332_L3_sad_f0_zP_rotijk0_0_0_sft0_0_0.png,0.00362041
PX332_L3_tad_f0_zP_rotijk0_0_0_sft0_0_0.png,0.0102349
PX333_L1_cad_f0_zP_rotijk0_0_0_sft0_0_0.png,0.000793608
PX333_L1_sad_f0_zP_rotijk0_0_0_sft0_0_0.png,0.000310123
PX333_L1_tad_f0_zP_rotijk0_0_0_sft0_0_0.png,4.42685e-06
PX333_L2_cad_f0_zP_rotijk0_0_0_sft0_0_0.png,1.83786e-06
PX333_L2_sad_f0_zP_rotijk0_0_0_sft0_0_0.png,1.0
PX333_L2_tad_f0_zP_rotijk0_0_0_sft0_0_0.png,3.7705e-05
PX335_L2_tad_f0_zP_rotijk0_0_0_sft0_0_0.png,0.999998
PX336_L1_cad_f0_zP_rotijk0_0_0_sft0_0_0.png,0.999999
PX336_L1_sad_f0_zP_rotijk0_0_0_sft0_0_0.png,1.0
PX336_L1_tad_f0_zP_rotijk0_0_0_sft0_0_0.png,0.987796
PX336_L2_cad_f0_zP_rotijk0_0_0_sft0_0_0.png,3.19182e-07
PX336_L2_sad_f0_zP_rotijk0_0_0_sft0_0_0.png,6.24573e-06
PX336_L2_tad_f0_zP_rotijk0_0_0_sft0_0_0.png,0.999989
PX337_L1_cad_f0_zP_rotijk0_0_0_sft0_0_0.png,2.36445e-19
PX337_L1_sad_f0_zP_rotijk0_0_0_sft0_0_0.png,0.000384917
PX337_L1_tad_f0_zP_rotijk0_0_0_sft0_0_0.png,1.04426e-10
PX338_L1_cad_f0_zP_rotijk0_0_0_sft0_0_0.png,0.0357866
PX338_L1_sad_f0_zP_rotijk0_0_0_sft0_0_0.png,0.00731744
PX338_L1_tad_f0_zP_rotijk0_0_0_sft0_0_0.png,6.20194e-05
PX340_L2_cad_f0_zP_rotijk0_0_0_sft0_0_0.png,0.00172689
PX340_L2_sad_f0_zP_rotijk0_0_0_sft0_0_0.png,0.997574
PX340_L2_tad_f0_zP_rotijk0_0_0_sft0_0_0.png,1.90634e-12
PX341_L3_cad_f0_zP_rotijk0_0_0_sft0_0_0.png,1.73841e-07
PX341_L3_sad_f0_zP_rotijk0_0_0_sft0_0_0.png,3.65892e-08
PX341_L3_tad_f0_zP_rotijk0_0_0_sft0_0_0.png,0.576973
PX344_L2_cad_f0_zP_rotijk0_0_0_sft0_0_0.png,2.73928e-10
PX344_L2_sad_f0_zP_rotijk0_0_0_sft0_0_0.png,0.000435719
PX344_L2_tad_f0_zP_rotijk0_0_0_sft0_0_0.png,3.54447e-09
PX345_L2_cad_f0_zP_rotijk0_0_0_sft0_0_0.png,0.00192249
PX345_L2_sad_f0_zP_rotijk0_0_0_sft0_0_0.png,0.96095
PX345_L2_tad_f0_zP_rotijk0_0_0_sft0_0_0.png,1.51788e-09
