PX204_L3_cad_f0_zT_rotijk0_0_0_sft0_0_0.png,4.1832e-11
PX204_L3_sad_f0_zT_rotijk0_0_0_sft0_0_0.png,0.00297322
PX204_L3_tad_f0_zT_rotijk0_0_0_sft0_0_0.png,4.83951e-10
PX211_L2_cad_f0_zT_rotijk0_0_0_sft0_0_0.png,0.00985254
PX211_L2_sad_f0_zT_rotijk0_0_0_sft0_0_0.png,0.462379
PX211_L2_tad_f0_zT_rotijk0_0_0_sft0_0_0.png,0.00183605
PX214_L2_cad_f0_zT_rotijk0_0_0_sft0_0_0.png,6.09067e-07
PX214_L2_sad_f0_zT_rotijk0_0_0_sft0_0_0.png,6.07292e-07
PX214_L2_tad_f0_zT_rotijk0_0_0_sft0_0_0.png,0.20424
PX216_L1_cad_f0_zT_rotijk0_0_0_sft0_0_0.png,1.54338e-06
PX216_L1_sad_f0_zT_rotijk0_0_0_sft0_0_0.png,1.40142e-05
PX216_L1_tad_f0_zT_rotijk0_0_0_sft0_0_0.png,5.84268e-08
PX218_L1_cad_f0_zT_rotijk0_0_0_sft0_0_0.png,0.00700662
PX218_L1_sad_f0_zT_rotijk0_0_0_sft0_0_0.png,0.998573
PX218_L1_tad_f0_zT_rotijk0_0_0_sft0_0_0.png,0.999196
PX220_L1_cad_f0_zT_rotijk0_0_0_sft0_0_0.png,0.0355963
PX220_L1_sad_f0_zT_rotijk0_0_0_sft0_0_0.png,1.08055e-08
PX220_L1_tad_f0_zT_rotijk0_0_0_sft0_0_0.png,5.39969e-07
PX229_L1_cad_f0_zT_rotijk0_0_0_sft0_0_0.png,1.15278e-13
PX229_L1_sad_f0_zT_rotijk0_0_0_sft0_0_0.png,2.14395e-05
PX229_L1_tad_f0_zT_rotijk0_0_0_sft0_0_0.png,5.33056e-06
PX234_L1_cad_f0_zT_rotijk0_0_0_sft0_0_0.png,8.16271e-05
PX234_L1_sad_f0_zT_rotijk0_0_0_sft0_0_0.png,0.118558
PX234_L1_tad_f0_zT_rotijk0_0_0_sft0_0_0.png,0.0102875
PX235_L2_cad_f0_zT_rotijk0_0_0_sft0_0_0.png,2.05889e-20
PX235_L2_sad_f0_zT_rotijk0_0_0_sft0_0_0.png,7.44415e-31
PX235_L2_tad_f0_zT_rotijk0_0_0_sft0_0_0.png,5.62355e-09
PX236_L1_cad_f0_zT_rotijk0_0_0_sft0_0_0.png,0.338487
PX236_L1_sad_f0_zT_rotijk0_0_0_sft0_0_0.png,0.0100696
PX236_L1_tad_f0_zT_rotijk0_0_0_sft0_0_0.png,1.05724e-06
PX237_L1_cad_f0_zT_rotijk0_0_0_sft0_0_0.png,4.95771e-05
PX237_L1_sad_f0_zT_rotijk0_0_0_sft0_0_0.png,2.5489e-06
PX237_L1_tad_f0_zT_rotijk0_0_0_sft0_0_0.png,9.38617e-11
PX239_L1_cad_f0_zT_rotijk0_0_0_sft0_0_0.png,7.86121e-05
PX239_L1_sad_f0_zT_rotijk0_0_0_sft0_0_0.png,6.12988e-06
PX239_L1_tad_f0_zT_rotijk0_0_0_sft0_0_0.png,1.24753e-06
PX241_L1_cad_f0_zT_rotijk0_0_0_sft0_0_0.png,1.26485e-11
PX241_L1_sad_f0_zT_rotijk0_0_0_sft0_0_0.png,3.94163e-12
PX241_L1_tad_f0_zT_rotijk0_0_0_sft0_0_0.png,2.34782e-06
PX242_L1_cad_f0_zT_rotijk0_0_0_sft0_0_0.png,0.00164676
PX242_L1_sad_f0_zT_rotijk0_0_0_sft0_0_0.png,2.26684e-08
PX242_L1_tad_f0_zT_rotijk0_0_0_sft0_0_0.png,0.00111302
PX243_L1_cad_f0_zT_rotijk0_0_0_sft0_0_0.png,0.00720483
PX243_L1_sad_f0_zT_rotijk0_0_0_sft0_0_0.png,0.000333356
PX243_L1_tad_f0_zT_rotijk0_0_0_sft0_0_0.png,0.524
PX251_L3_cad_f0_zT_rotijk0_0_0_sft0_0_0.png,0.999917
PX251_L3_sad_f0_zT_rotijk0_0_0_sft0_0_0.png,0.0876383
PX251_L3_tad_f0_zT_rotijk0_0_0_sft0_0_0.png,0.0117518
PX251_L4_cad_f0_zT_rotijk0_0_0_sft0_0_0.png,0.000223849
PX251_L4_sad_f0_zT_rotijk0_0_0_sft0_0_0.png,0.970989
PX251_L4_tad_f0_zT_rotijk0_0_0_sft0_0_0.png,1.18035e-06
PX252_L1_cad_f0_zT_rotijk0_0_0_sft0_0_0.png,0.899297
PX252_L1_sad_f0_zT_rotijk0_0_0_sft0_0_0.png,0.00110843
PX252_L1_tad_f0_zT_rotijk0_0_0_sft0_0_0.png,5.10817e-14
PX253_L1_cad_f0_zT_rotijk0_0_0_sft0_0_0.png,0.966458
PX253_L1_sad_f0_zT_rotijk0_0_0_sft0_0_0.png,0.455077
PX253_L1_tad_f0_zT_rotijk0_0_0_sft0_0_0.png,0.689842
PX253_L3_cad_f0_zT_rotijk0_0_0_sft0_0_0.png,0.17141
PX253_L3_sad_f0_zT_rotijk0_0_0_sft0_0_0.png,0.000595411
PX253_L3_tad_f0_zT_rotijk0_0_0_sft0_0_0.png,0.000146456
PX255_L1_cad_f0_zT_rotijk0_0_0_sft0_0_0.png,0.00291411
PX255_L1_sad_f0_zT_rotijk0_0_0_sft0_0_0.png,0.0739882
PX255_L1_tad_f0_zT_rotijk0_0_0_sft0_0_0.png,0.000354269
PX257_L2_cad_f0_zT_rotijk0_0_0_sft0_0_0.png,0.294254
PX257_L2_sad_f0_zT_rotijk0_0_0_sft0_0_0.png,1.13466e-11
PX257_L2_tad_f0_zT_rotijk0_0_0_sft0_0_0.png,2.57306e-09
PX258_L2_cad_f0_zT_rotijk0_0_0_sft0_0_0.png,7.9334e-06
PX258_L2_sad_f0_zT_rotijk0_0_0_sft0_0_0.png,1.59002e-06
PX258_L2_tad_f0_zT_rotijk0_0_0_sft0_0_0.png,4.37389e-05
PX261_L1_cad_f0_zT_rotijk0_0_0_sft0_0_0.png,2.40068e-07
PX261_L1_sad_f0_zT_rotijk0_0_0_sft0_0_0.png,0.978393
PX261_L1_tad_f0_zT_rotijk0_0_0_sft0_0_0.png,1.69372e-16
PX263_L1_cad_f0_zT_rotijk0_0_0_sft0_0_0.png,0.0139494
PX263_L1_sad_f0_zT_rotijk0_0_0_sft0_0_0.png,0.989435
PX263_L1_tad_f0_zT_rotijk0_0_0_sft0_0_0.png,8.77486e-13
PX263_L3_cad_f0_zT_rotijk0_0_0_sft0_0_0.png,0.814327
PX263_L3_sad_f0_zT_rotijk0_0_0_sft0_0_0.png,0.944478
PX263_L3_tad_f0_zT_rotijk0_0_0_sft0_0_0.png,0.99794
PX264_L1_cad_f0_zT_rotijk0_0_0_sft0_0_0.png,9.1838e-06
PX264_L1_sad_f0_zT_rotijk0_0_0_sft0_0_0.png,0.747717
PX264_L1_tad_f0_zT_rotijk0_0_0_sft0_0_0.png,2.61938e-08
PX265_L2_cad_f0_zT_rotijk0_0_0_sft0_0_0.png,4.78087e-09
PX265_L2_sad_f0_zT_rotijk0_0_0_sft0_0_0.png,7.46019e-10
PX265_L2_tad_f0_zT_rotijk0_0_0_sft0_0_0.png,9.57371e-25
PX278_L2_cad_f0_zT_rotijk0_0_0_sft0_0_0.png,0.00143075
PX278_L2_sad_f0_zT_rotijk0_0_0_sft0_0_0.png,0.00101476
PX278_L2_tad_f0_zT_rotijk0_0_0_sft0_0_0.png,1.80206e-18
PX279_L1_cad_f0_zT_rotijk0_0_0_sft0_0_0.png,0.0381417
PX279_L1_sad_f0_zT_rotijk0_0_0_sft0_0_0.png,8.94195e-08
PX279_L1_tad_f0_zT_rotijk0_0_0_sft0_0_0.png,0.00335502
PX280_L1_cad_f0_zT_rotijk0_0_0_sft0_0_0.png,0.313479
PX280_L1_sad_f0_zT_rotijk0_0_0_sft0_0_0.png,2.73718e-05
PX280_L1_tad_f0_zT_rotijk0_0_0_sft0_0_0.png,0.0832999
PX283_L1_cad_f0_zT_rotijk0_0_0_sft0_0_0.png,3.5607e-09
PX283_L1_sad_f0_zT_rotijk0_0_0_sft0_0_0.png,3.01889e-11
PX283_L1_tad_f0_zT_rotijk0_0_0_sft0_0_0.png,2.61417e-15
PX286_L1_cad_f0_zT_rotijk0_0_0_sft0_0_0.png,0.00253768
PX286_L1_sad_f0_zT_rotijk0_0_0_sft0_0_0.png,7.69855e-09
PX286_L1_tad_f0_zT_rotijk0_0_0_sft0_0_0.png,0.167138
PX287_L2_cad_f0_zT_rotijk0_0_0_sft0_0_0.png,0.000216805
PX287_L2_sad_f0_zT_rotijk0_0_0_sft0_0_0.png,0.00668347
PX287_L2_tad_f0_zT_rotijk0_0_0_sft0_0_0.png,0.919255
PX288_L2_cad_f0_zT_rotijk0_0_0_sft0_0_0.png,0.000939131
PX288_L2_sad_f0_zT_rotijk0_0_0_sft0_0_0.png,4.2057e-05
PX288_L2_tad_f0_zT_rotijk0_0_0_sft0_0_0.png,1.94644e-05
PX294_L1_cad_f0_zT_rotijk0_0_0_sft0_0_0.png,1.124e-08
PX294_L1_sad_f0_zT_rotijk0_0_0_sft0_0_0.png,2.50032e-08
PX294_L1_tad_f0_zT_rotijk0_0_0_sft0_0_0.png,2.53579e-13
PX295_L1_cad_f0_zT_rotijk0_0_0_sft0_0_0.png,8.16311e-05
PX295_L1_sad_f0_zT_rotijk0_0_0_sft0_0_0.png,1.0576e-12
PX295_L1_tad_f0_zT_rotijk0_0_0_sft0_0_0.png,5.31098e-05
PX296_L1_cad_f0_zT_rotijk0_0_0_sft0_0_0.png,8.11344e-12
PX296_L1_sad_f0_zT_rotijk0_0_0_sft0_0_0.png,4.85614e-07
PX296_L1_tad_f0_zT_rotijk0_0_0_sft0_0_0.png,0.000347874
PX302_L1_cad_f0_zT_rotijk0_0_0_sft0_0_0.png,1.38958e-08
PX302_L1_sad_f0_zT_rotijk0_0_0_sft0_0_0.png,1.50132e-10
PX302_L1_tad_f0_zT_rotijk0_0_0_sft0_0_0.png,0.540956
PX302_L2_cad_f0_zT_rotijk0_0_0_sft0_0_0.png,4.93639e-09
PX302_L2_sad_f0_zT_rotijk0_0_0_sft0_0_0.png,9.57634e-09
PX302_L2_tad_f0_zT_rotijk0_0_0_sft0_0_0.png,0.0067416
PX303_L2_cad_f0_zT_rotijk0_0_0_sft0_0_0.png,0.0525352
PX303_L2_sad_f0_zT_rotijk0_0_0_sft0_0_0.png,1.01935e-15
PX303_L2_tad_f0_zT_rotijk0_0_0_sft0_0_0.png,0.22709
PX308_L1_cad_f0_zT_rotijk0_0_0_sft0_0_0.png,3.97679e-06
PX308_L1_sad_f0_zT_rotijk0_0_0_sft0_0_0.png,1.09133e-05
PX308_L1_tad_f0_zT_rotijk0_0_0_sft0_0_0.png,9.95115e-06
PX312_L1_cad_f0_zT_rotijk0_0_0_sft0_0_0.png,0.0946182
PX312_L1_sad_f0_zT_rotijk0_0_0_sft0_0_0.png,0.000250489
PX312_L1_tad_f0_zT_rotijk0_0_0_sft0_0_0.png,1.44916e-09
PX313_L1_cad_f0_zT_rotijk0_0_0_sft0_0_0.png,1.06563e-06
PX313_L1_sad_f0_zT_rotijk0_0_0_sft0_0_0.png,8.30684e-12
PX313_L1_tad_f0_zT_rotijk0_0_0_sft0_0_0.png,0.00158733
PX318_L1_cad_f0_zT_rotijk0_0_0_sft0_0_0.png,0.000180801
PX318_L1_sad_f0_zT_rotijk0_0_0_sft0_0_0.png,1.31263e-05
PX318_L1_tad_f0_zT_rotijk0_0_0_sft0_0_0.png,9.37458e-09
PX321_L1_cad_f0_zT_rotijk0_0_0_sft0_0_0.png,0.00224083
PX321_L1_sad_f0_zT_rotijk0_0_0_sft0_0_0.png,1.5588e-06
PX321_L1_tad_f0_zT_rotijk0_0_0_sft0_0_0.png,0.000473961
PX321_L2_cad_f0_zT_rotijk0_0_0_sft0_0_0.png,0.130715
PX321_L2_sad_f0_zT_rotijk0_0_0_sft0_0_0.png,0.000212164
PX321_L2_tad_f0_zT_rotijk0_0_0_sft0_0_0.png,2.27812e-05
PX322_L1_cad_f0_zT_rotijk0_0_0_sft0_0_0.png,0.497577
PX322_L1_sad_f0_zT_rotijk0_0_0_sft0_0_0.png,0.057223
PX322_L1_tad_f0_zT_rotijk0_0_0_sft0_0_0.png,3.42973e-11
PX327_L2_cad_f0_zT_rotijk0_0_0_sft0_0_0.png,0.0960163
PX327_L2_sad_f0_zT_rotijk0_0_0_sft0_0_0.png,1.88248e-08
PX327_L2_tad_f0_zT_rotijk0_0_0_sft0_0_0.png,0.106113
PX329_L1_cad_f0_zT_rotijk0_0_0_sft0_0_0.png,4.44001e-06
PX329_L1_sad_f0_zT_rotijk0_0_0_sft0_0_0.png,9.53692e-09
PX329_L1_tad_f0_zT_rotijk0_0_0_sft0_0_0.png,4.59279e-15
PX333_L3_cad_f0_zT_rotijk0_0_0_sft0_0_0.png,0.00028769
PX333_L3_sad_f0_zT_rotijk0_0_0_sft0_0_0.png,6.6019e-05
PX333_L3_tad_f0_zT_rotijk0_0_0_sft0_0_0.png,4.72075e-06
PX335_L1_cad_f0_zT_rotijk0_0_0_sft0_0_0.png,8.68415e-05
PX335_L1_sad_f0_zT_rotijk0_0_0_sft0_0_0.png,0.573623
PX335_L1_tad_f0_zT_rotijk0_0_0_sft0_0_0.png,0.000328202
PX339_L1_cad_f0_zT_rotijk0_0_0_sft0_0_0.png,1.7555e-09
PX339_L1_sad_f0_zT_rotijk0_0_0_sft0_0_0.png,0.00217362
PX339_L1_tad_f0_zT_rotijk0_0_0_sft0_0_0.png,0.0161338
PX339_L2_cad_f0_zT_rotijk0_0_0_sft0_0_0.png,1.95355e-05
PX339_L2_sad_f0_zT_rotijk0_0_0_sft0_0_0.png,2.50184e-05
PX339_L2_tad_f0_zT_rotijk0_0_0_sft0_0_0.png,2.62275e-12
PX340_L1_cad_f0_zT_rotijk0_0_0_sft0_0_0.png,0.249383
PX340_L1_sad_f0_zT_rotijk0_0_0_sft0_0_0.png,4.93264e-21
PX340_L1_tad_f0_zT_rotijk0_0_0_sft0_0_0.png,0.417159
PX341_L2_cad_f0_zT_rotijk0_0_0_sft0_0_0.png,8.59811e-05
PX341_L2_sad_f0_zT_rotijk0_0_0_sft0_0_0.png,8.32466e-11
PX341_L2_tad_f0_zT_rotijk0_0_0_sft0_0_0.png,0.000375875
PX343_L1_cad_f0_zT_rotijk0_0_0_sft0_0_0.png,3.26135e-08
PX343_L1_sad_f0_zT_rotijk0_0_0_sft0_0_0.png,9.55978e-08
PX343_L1_tad_f0_zT_rotijk0_0_0_sft0_0_0.png,0.000408191
PX344_L1_cad_f0_zT_rotijk0_0_0_sft0_0_0.png,3.37803e-05
PX344_L1_sad_f0_zT_rotijk0_0_0_sft0_0_0.png,1.1425e-06
PX344_L1_tad_f0_zT_rotijk0_0_0_sft0_0_0.png,0.974029
PX345_L1_cad_f0_zT_rotijk0_0_0_sft0_0_0.png,0.000548668
PX345_L1_sad_f0_zT_rotijk0_0_0_sft0_0_0.png,0.00141187
PX345_L1_tad_f0_zT_rotijk0_0_0_sft0_0_0.png,1.31471e-07
